"Núm.","Descrição","Qtd. Comercial","Unid. Comercial","Valor Líquido do Item","Informações Adicionais do Produto","Cód. Produto","Cód. GTIN","Cód. NCM","Código Especificador da Substituição Tributária","CFOP","Valor Unit.","Valor Bruto","Regra de Cálculo","Valor do Desconto","Outras Despesas Acessórias","Rateio do Desconto Sobre Subtotal","Rateio do Acréscimo Sobre Subtotal","Observações Fisco","Origem da Mercadoria","Tributação do ICMS","Cód. de Situação da Operação - Simples Nacional","Alíquota Efetiva","Valor do ICMS","Código de Situação Tributária PIS","Valor da Base de Cálculo do PIS","Alíquota do PIS(%)","Quantidade Vendida PIS","Alíquota do PIS","Valor do PIS","Valor da Base de Cálculo do PIS ST","Alíquota do PIS ST(%)","Quantidade Vendida PIS ST","Alíquota do PIS ST","Valor do PIS ST","Código de Situação Tributária da COFINS","Valor da Base de Cálculo da COFINS","Alíquota da COFINS(%)","Valor da COFINS","Quantidade Vendida COFINS","Alíquota da COFINS","Valor da Base de Cálculo da COFINS ST","Alíquota da COFINS ST(%)","Valor da COFINS ST","Quantidade Vendida COFINS ST","Alíquota da COFINS ST","Valor de Deduções para ISSQN","Valor da Base de Cálculo do ISSQN","Alíquota do ISSQN","Valor do ISSQN","Item da Lista de Serviços","Código do Município do Fato Gerador do ISSQN","Código de Tributação pelo ISSQN do Município","Natureza da Operação de ISSQN","Incentivo Fiscal do ISSQN","Valor Aproximado dos Tributos do Produto ou Serviço – Lei 12741/12"
"1","OVOS ISMERIA 12UN BRANCO","1,0000","UN","7,49","Não Informado","7898277190011","7898277190011","04072100","Não Informado","5102","7,490","7,49","A","Não Informado","Não Informado","Não Informado","Não Informado","Não Informado","0 - Nacional, exceto as indicadas nos códigos 3, 4, 5 e 8","40 - Valor Isento","Não Informado","Não Informado","Não Informado","06 - Operação Tributável (Alíquota zero)","Não Informado","Não Informado","Não Informado","Não Informado","Não Informado","Não Informado","Não Informado","Não Informado","Não Informado","Não Informado","06 - Operação Tributável (Alíquota zero)","Não Informado","Não Informado","Não Informado","Não Informado","Não Informado","Não Informado","Não Informado","Não Informado","Não Informado","Não Informado","Não Informado","Não Informado","Não Informado","Não Informado","Não Informado","Não Informado","Não Informado","Não Informado","2 - Não","0,83"
"2","OVOS ISMERIA 12UN BRANCO","1,0000","UN","7,49","Não Informado","7898277190011","7898277190011","04072100","Não Informado","5102","7,490","7,49","A","Não Informado","Não Informado","Não Informado","Não Informado","Não Informado","0 - Nacional, exceto as indicadas nos códigos 3, 4, 5 e 8","40 - Valor Isento","Não Informado","Não Informado","Não Informado","06 - Operação Tributável (Alíquota zero)","Não Informado","Não Informado","Não Informado","Não Informado","Não Informado","Não Informado","Não Informado","Não Informado","Não Informado","Não Informado","06 - Operação Tributável (Alíquota zero)","Não Informado","Não Informado","Não Informado","Não Informado","Não Informado","Não Informado","Não Informado","Não Informado","Não Informado","Não Informado","Não Informado","Não Informado","Não Informado","Não Informado","Não Informado","Não Informado","Não Informado","Não Informado","2 - Não","0,83"
"3","OVOS ISMERIA 12UN BRANCO","1,0000","UN","7,49","Não Informado","7898277190011","7898277190011","04072100","Não Informado","5102","7,490","7,49","A","Não Informado","Não Informado","Não Informado","Não Informado","Não Informado","0 - Nacional, exceto as indicadas nos códigos 3, 4, 5 e 8","40 - Valor Isento","Não Informado","Não Informado","Não Informado","06 - Operação Tributável (Alíquota zero)","Não Informado","Não Informado","Não Informado","Não Informado","Não Informado","Não Informado","Não Informado","Não Informado","Não Informado","Não Informado","06 - Operação Tributável (Alíquota zero)","Não Informado","Não Informado","Não Informado","Não Informado","Não Informado","Não Informado","Não Informado","Não Informado","Não Informado","Não Informado","Não Informado","Não Informado","Não Informado","Não Informado","Não Informado","Não Informado","Não Informado","Não Informado","2 - Não","0,83"
"4","SALG.DORITOS 84g COOL RA","1,0000","UN","5,59","Não Informado","7892840815943","7892840815943","19059090","1703100","5405","5,590","5,59","A","Não Informado","Não Informado","Não Informado","Não Informado","Não Informado","0 - Nacional, exceto as indicadas nos códigos 3, 4, 5 e 8","60 - ICMS cobrado anteriormente por substituição tributária (substituído) ou por antecipação","Não Informado","Não Informado","Não Informado","01 - Operação Tributável (base de cálculo = valor da operação alíquota normal (cumulativo / não cumulativo))","5,59","0,0165","Não Informado","Não Informado","0,0900","Não Informado","Não Informado","Não Informado","Não Informado","Não Informado","01 - Operação Tributável (base de cálculo = valor da operação alíquota normal (cumulativo / não cumulativo))","5,59","0,0760","0,42","Não Informado","Não Informado","Não Informado","Não Informado","Não Informado","Não Informado","Não Informado","Não Informado","Não Informado","Não Informado","Não Informado","Não Informado","Não Informado","Não Informado","Não Informado","2 - Não","0,90"
"5","SALG.DORITOS 84g COOL RA","1,0000","UN","5,59","Não Informado","7892840815943","7892840815943","19059090","1703100","5405","5,590","5,59","A","Não Informado","Não Informado","Não Informado","Não Informado","Não Informado","0 - Nacional, exceto as indicadas nos códigos 3, 4, 5 e 8","60 - ICMS cobrado anteriormente por substituição tributária (substituído) ou por antecipação","Não Informado","Não Informado","Não Informado","01 - Operação Tributável (base de cálculo = valor da operação alíquota normal (cumulativo / não cumulativo))","5,59","0,0165","Não Informado","Não Informado","0,0900","Não Informado","Não Informado","Não Informado","Não Informado","Não Informado","01 - Operação Tributável (base de cálculo = valor da operação alíquota normal (cumulativo / não cumulativo))","5,59","0,0760","0,42","Não Informado","Não Informado","Não Informado","Não Informado","Não Informado","Não Informado","Não Informado","Não Informado","Não Informado","Não Informado","Não Informado","Não Informado","Não Informado","Não Informado","Não Informado","2 - Não","0,90"
"6","SALG.DORITOS 84g COOL RA","1,0000","UN","5,59","Não Informado","7892840815943","7892840815943","19059090","1703100","5405","5,590","5,59","A","Não Informado","Não Informado","Não Informado","Não Informado","Não Informado","0 - Nacional, exceto as indicadas nos códigos 3, 4, 5 e 8","60 - ICMS cobrado anteriormente por substituição tributária (substituído) ou por antecipação","Não Informado","Não Informado","Não Informado","01 - Operação Tributável (base de cálculo = valor da operação alíquota normal (cumulativo / não cumulativo))","5,59","0,0165","Não Informado","Não Informado","0,0900","Não Informado","Não Informado","Não Informado","Não Informado","Não Informado","01 - Operação Tributável (base de cálculo = valor da operação alíquota normal (cumulativo / não cumulativo))","5,59","0,0760","0,42","Não Informado","Não Informado","Não Informado","Não Informado","Não Informado","Não Informado","Não Informado","Não Informado","Não Informado","Não Informado","Não Informado","Não Informado","Não Informado","Não Informado","Não Informado","2 - Não","0,90"
"7","MASSA FRONTERA 320g TORT","1,0000","UN","27,49","Não Informado","7898957617555","7898957617555","19059090","1706200","5405","27,490","27,49","A","Não Informado","Não Informado","Não Informado","Não Informado","Não Informado","0 - Nacional, exceto as indicadas nos códigos 3, 4, 5 e 8","60 - ICMS cobrado anteriormente por substituição tributária (substituído) ou por antecipação","Não Informado","Não Informado","Não Informado","01 - Operação Tributável (base de cálculo = valor da operação alíquota normal (cumulativo / não cumulativo))","27,49","0,0165","Não Informado","Não Informado","0,4500","Não Informado","Não Informado","Não Informado","Não Informado","Não Informado","01 - Operação Tributável (base de cálculo = valor da operação alíquota normal (cumulativo / não cumulativo))","27,49","0,0760","2,09","Não Informado","Não Informado","Não Informado","Não Informado","Não Informado","Não Informado","Não Informado","Não Informado","Não Informado","Não Informado","Não Informado","Não Informado","Não Informado","Não Informado","Não Informado","2 - Não","4,44"
"8","QJ MINAS FRES.DOURADO kg","0,5140","kg","15,37","Não Informado","5849","Não Informado","04061090","1702402","5102","29,900","15,37","A","Não Informado","Não Informado","Não Informado","Não Informado","Não Informado","0 - Nacional, exceto as indicadas nos códigos 3, 4, 5 e 8","00 - Tributada integralmente","Não Informado","18,00","2,77","06 - Operação Tributável (Alíquota zero)","Não Informado","Não Informado","Não Informado","Não Informado","Não Informado","Não Informado","Não Informado","Não Informado","Não Informado","Não Informado","06 - Operação Tributável (Alíquota zero)","Não Informado","Não Informado","Não Informado","Não Informado","Não Informado","Não Informado","Não Informado","Não Informado","Não Informado","Não Informado","Não Informado","Não Informado","Não Informado","Não Informado","Não Informado","Não Informado","Não Informado","Não Informado","2 - Não","2,48"
"9","CR.CHEESE POLENGHI 150g","1,0000","UN","7,99","Não Informado","7891143012585","7891143012585","04061090","1702401","5102","7,990","7,99","A","Não Informado","Não Informado","Não Informado","Não Informado","Não Informado","0 - Nacional, exceto as indicadas nos códigos 3, 4, 5 e 8","00 - Tributada integralmente","Não Informado","18,00","1,44","06 - Operação Tributável (Alíquota zero)","Não Informado","Não Informado","Não Informado","Não Informado","Não Informado","Não Informado","Não Informado","Não Informado","Não Informado","Não Informado","06 - Operação Tributável (Alíquota zero)","Não Informado","Não Informado","Não Informado","Não Informado","Não Informado","Não Informado","Não Informado","Não Informado","Não Informado","Não Informado","Não Informado","Não Informado","Não Informado","Não Informado","Não Informado","Não Informado","Não Informado","Não Informado","2 - Não","1,28"
"10","REQUEIJAO P.CALDAS 200g","1,0000","UN","4,99","Não Informado","7898955617397","7898955617397","04061090","1702404","5405","4,990","4,99","A","Não Informado","Não Informado","Não Informado","Não Informado","Não Informado","0 - Nacional, exceto as indicadas nos códigos 3, 4, 5 e 8","60 - ICMS cobrado anteriormente por substituição tributária (substituído) ou por antecipação","Não Informado","Não Informado","Não Informado","06 - Operação Tributável (Alíquota zero)","Não Informado","Não Informado","Não Informado","Não Informado","Não Informado","Não Informado","Não Informado","Não Informado","Não Informado","Não Informado","06 - Operação Tributável (Alíquota zero)","Não Informado","Não Informado","Não Informado","Não Informado","Não Informado","Não Informado","Não Informado","Não Informado","Não Informado","Não Informado","Não Informado","Não Informado","Não Informado","Não Informado","Não Informado","Não Informado","Não Informado","Não Informado","2 - Não","0,79"
"11","IOG.DANONE 160g NATURAL","1,0000","UN","1,99","Não Informado","7891025120230","7891025120230","04031000","1702100","5405","1,990","1,99","A","Não Informado","Não Informado","Não Informado","Não Informado","Não Informado","0 - Nacional, exceto as indicadas nos códigos 3, 4, 5 e 8","60 - ICMS cobrado anteriormente por substituição tributária (substituído) ou por antecipação","Não Informado","Não Informado","Não Informado","06 - Operação Tributável (Alíquota zero)","Não Informado","Não Informado","Não Informado","Não Informado","Não Informado","Não Informado","Não Informado","Não Informado","Não Informado","Não Informado","06 - Operação Tributável (Alíquota zero)","Não Informado","Não Informado","Não Informado","Não Informado","Não Informado","Não Informado","Não Informado","Não Informado","Não Informado","Não Informado","Não Informado","Não Informado","Não Informado","Não Informado","Não Informado","Não Informado","Não Informado","Não Informado","2 - Não","0,21"
"12","FILE PEITO FRANGO BIFES","0,4280","kg","8,56","Não Informado","459","2045900000000","02013000","1708400","5102","19,990","8,56","A","Não Informado","Não Informado","Não Informado","Não Informado","Não Informado","0 - Nacional, exceto as indicadas nos códigos 3, 4, 5 e 8","00 - Tributada integralmente","Não Informado","4,70","0,40","06 - Operação Tributável (Alíquota zero)","Não Informado","Não Informado","Não Informado","Não Informado","Não Informado","Não Informado","Não Informado","Não Informado","Não Informado","Não Informado","06 - Operação Tributável (Alíquota zero)","Não Informado","Não Informado","Não Informado","Não Informado","Não Informado","Não Informado","Não Informado","Não Informado","Não Informado","Não Informado","Não Informado","Não Informado","Não Informado","Não Informado","Não Informado","Não Informado","Não Informado","Não Informado","2 - Não","1,37"
"13","SALSICHA BERNA KALBSBRAT","1,0000","UN","14,79","Não Informado","7896542811487","7896542811487","16010000","1707700","5405","14,790","14,79","A","Não Informado","Não Informado","Não Informado","Não Informado","Não Informado","0 - Nacional, exceto as indicadas nos códigos 3, 4, 5 e 8","60 - ICMS cobrado anteriormente por substituição tributária (substituído) ou por antecipação","Não Informado","Não Informado","Não Informado","01 - Operação Tributável (base de cálculo = valor da operação alíquota normal (cumulativo / não cumulativo))","14,79","0,0165","Não Informado","Não Informado","0,2400","Não Informado","Não Informado","Não Informado","Não Informado","Não Informado","01 - Operação Tributável (base de cálculo = valor da operação alíquota normal (cumulativo / não cumulativo))","14,79","0,0760","1,12","Não Informado","Não Informado","Não Informado","Não Informado","Não Informado","Não Informado","Não Informado","Não Informado","Não Informado","Não Informado","Não Informado","Não Informado","Não Informado","Não Informado","Não Informado","2 - Não","1,65"
"14","SALSICHA BERNA CERVELA 3","1,0000","UN","18,29","Não Informado","7896542811470","7896542811470","16010000","1707700","5405","18,290","18,29","A","Não Informado","Não Informado","Não Informado","Não Informado","Não Informado","0 - Nacional, exceto as indicadas nos códigos 3, 4, 5 e 8","60 - ICMS cobrado anteriormente por substituição tributária (substituído) ou por antecipação","Não Informado","Não Informado","Não Informado","01 - Operação Tributável (base de cálculo = valor da operação alíquota normal (cumulativo / não cumulativo))","18,29","0,0165","Não Informado","Não Informado","0,3000","Não Informado","Não Informado","Não Informado","Não Informado","Não Informado","01 - Operação Tributável (base de cálculo = valor da operação alíquota normal (cumulativo / não cumulativo))","18,29","0,0760","1,39","Não Informado","Não Informado","Não Informado","Não Informado","Não Informado","Não Informado","Não Informado","Não Informado","Não Informado","Não Informado","Não Informado","Não Informado","Não Informado","Não Informado","Não Informado","2 - Não","2,04"
"15","SALSICHA CERATTI 200g VI","1,0000","UN","13,99","Não Informado","7898618520057","7898618520057","16010000","1707700","5405","13,990","13,99","A","Não Informado","Não Informado","Não Informado","Não Informado","Não Informado","0 - Nacional, exceto as indicadas nos códigos 3, 4, 5 e 8","60 - ICMS cobrado anteriormente por substituição tributária (substituído) ou por antecipação","Não Informado","Não Informado","Não Informado","01 - Operação Tributável (base de cálculo = valor da operação alíquota normal (cumulativo / não cumulativo))","13,99","0,0165","Não Informado","Não Informado","0,2300","Não Informado","Não Informado","Não Informado","Não Informado","Não Informado","01 - Operação Tributável (base de cálculo = valor da operação alíquota normal (cumulativo / não cumulativo))","13,99","0,0760","1,06","Não Informado","Não Informado","Não Informado","Não Informado","Não Informado","Não Informado","Não Informado","Não Informado","Não Informado","Não Informado","Não Informado","Não Informado","Não Informado","Não Informado","Não Informado","2 - Não","1,55"
"16","QUEIJO PRATO P.ALEGRE kg","0,1960","kg","8,80","Não Informado","3980","Não Informado","04069020","1702401","5102","44,900","8,80","A","Não Informado","Não Informado","Não Informado","Não Informado","Não Informado","0 - Nacional, exceto as indicadas nos códigos 3, 4, 5 e 8","00 - Tributada integralmente","Não Informado","13,30","1,17","06 - Operação Tributável (Alíquota zero)","Não Informado","Não Informado","Não Informado","Não Informado","Não Informado","Não Informado","Não Informado","Não Informado","Não Informado","Não Informado","06 - Operação Tributável (Alíquota zero)","Não Informado","Não Informado","Não Informado","Não Informado","Não Informado","Não Informado","Não Informado","Não Informado","Não Informado","Não Informado","Não Informado","Não Informado","Não Informado","Não Informado","Não Informado","Não Informado","Não Informado","Não Informado","2 - Não","1,41"
"17","QJO.MUSS.ALIANCA PEDACO","0,3080","kg","7,98","Não Informado","1081","2108100000000","04061010","1702401","5102","25,900","7,98","A","Não Informado","Não Informado","Não Informado","Não Informado","Não Informado","0 - Nacional, exceto as indicadas nos códigos 3, 4, 5 e 8","00 - Tributada integralmente","Não Informado","13,30","1,06","06 - Operação Tributável (Alíquota zero)","Não Informado","Não Informado","Não Informado","Não Informado","Não Informado","Não Informado","Não Informado","Não Informado","Não Informado","Não Informado","06 - Operação Tributável (Alíquota zero)","Não Informado","Não Informado","Não Informado","Não Informado","Não Informado","Não Informado","Não Informado","Não Informado","Não Informado","Não Informado","Não Informado","Não Informado","Não Informado","Não Informado","Não Informado","Não Informado","Não Informado","Não Informado","2 - Não","1,28"
"18","PRES.SADIA FATIADO KG.","0,2940","kg","9,20","Não Informado","1091","Não Informado","16024100","1707900","5405","31,290","9,20","A","Não Informado","Não Informado","Não Informado","Não Informado","Não Informado","0 - Nacional, exceto as indicadas nos códigos 3, 4, 5 e 8","60 - ICMS cobrado anteriormente por substituição tributária (substituído) ou por antecipação","Não Informado","Não Informado","Não Informado","01 - Operação Tributável (base de cálculo = valor da operação alíquota normal (cumulativo / não cumulativo))","9,20","0,0165","Não Informado","Não Informado","0,1500","Não Informado","Não Informado","Não Informado","Não Informado","Não Informado","01 - Operação Tributável (base de cálculo = valor da operação alíquota normal (cumulativo / não cumulativo))","9,20","0,0760","0,70","Não Informado","Não Informado","Não Informado","Não Informado","Não Informado","Não Informado","Não Informado","Não Informado","Não Informado","Não Informado","Não Informado","Não Informado","Não Informado","Não Informado","Não Informado","2 - Não","1,48"
"19","COSTELA BOI(PONTA DE AGU","1,1620","kg","29,03","Não Informado","424","Não Informado","02071300","1708700","5102","24,980","29,03","A","Não Informado","Não Informado","Não Informado","Não Informado","Não Informado","0 - Nacional, exceto as indicadas nos códigos 3, 4, 5 e 8","00 - Tributada integralmente","Não Informado","4,70","1,36","06 - Operação Tributável (Alíquota zero)","Não Informado","Não Informado","Não Informado","Não Informado","Não Informado","Não Informado","Não Informado","Não Informado","Não Informado","Não Informado","06 - Operação Tributável (Alíquota zero)","Não Informado","Não Informado","Não Informado","Não Informado","Não Informado","Não Informado","Não Informado","Não Informado","Não Informado","Não Informado","Não Informado","Não Informado","Não Informado","Não Informado","Não Informado","Não Informado","Não Informado","Não Informado","2 - Não","4,69"
"20","AMEIXA NACIONAL O QUILO","0,5000","kg","6,50","Não Informado","1989","Não Informado","08094000","Não Informado","5102","12,990","6,50","A","Não Informado","Não Informado","Não Informado","Não Informado","Não Informado","0 - Nacional, exceto as indicadas nos códigos 3, 4, 5 e 8","40 - Valor Isento","Não Informado","Não Informado","Não Informado","06 - Operação Tributável (Alíquota zero)","Não Informado","Não Informado","Não Informado","Não Informado","Não Informado","Não Informado","Não Informado","Não Informado","Não Informado","Não Informado","06 - Operação Tributável (Alíquota zero)","Não Informado","Não Informado","Não Informado","Não Informado","Não Informado","Não Informado","Não Informado","Não Informado","Não Informado","Não Informado","Não Informado","Não Informado","Não Informado","Não Informado","Não Informado","Não Informado","Não Informado","Não Informado","2 - Não","1,44"
"21","ABACATE A GRANEL O QUILO","0,6850","kg","4,10","Não Informado","158","Não Informado","08044000","Não Informado","5102","5,990","4,10","A","Não Informado","Não Informado","Não Informado","Não Informado","Não Informado","0 - Nacional, exceto as indicadas nos códigos 3, 4, 5 e 8","40 - Valor Isento","Não Informado","Não Informado","Não Informado","06 - Operação Tributável (Alíquota zero)","Não Informado","Não Informado","Não Informado","Não Informado","Não Informado","Não Informado","Não Informado","Não Informado","Não Informado","Não Informado","06 - Operação Tributável (Alíquota zero)","Não Informado","Não Informado","Não Informado","Não Informado","Não Informado","Não Informado","Não Informado","Não Informado","Não Informado","Não Informado","Não Informado","Não Informado","Não Informado","Não Informado","Não Informado","Não Informado","Não Informado","Não Informado","2 - Não","0,90"
"22","LIMAO TAHITI - O QUILO","0,2650","kg","1,32","Não Informado","187","Não Informado","08055000","Não Informado","5102","4,990","1,32","A","Não Informado","Não Informado","Não Informado","Não Informado","Não Informado","0 - Nacional, exceto as indicadas nos códigos 3, 4, 5 e 8","40 - Valor Isento","Não Informado","Não Informado","Não Informado","06 - Operação Tributável (Alíquota zero)","Não Informado","Não Informado","Não Informado","Não Informado","Não Informado","Não Informado","Não Informado","Não Informado","Não Informado","Não Informado","06 - Operação Tributável (Alíquota zero)","Não Informado","Não Informado","Não Informado","Não Informado","Não Informado","Não Informado","Não Informado","Não Informado","Não Informado","Não Informado","Não Informado","Não Informado","Não Informado","Não Informado","Não Informado","Não Informado","Não Informado","Não Informado","2 - Não","0,28"
"23","CEBOLA ROXA - O QUILO","0,2250","kg","2,25","Não Informado","1907","Não Informado","07031019","Não Informado","5102","9,990","2,25","A","Não Informado","Não Informado","Não Informado","Não Informado","Não Informado","0 - Nacional, exceto as indicadas nos códigos 3, 4, 5 e 8","40 - Valor Isento","Não Informado","Não Informado","Não Informado","06 - Operação Tributável (Alíquota zero)","Não Informado","Não Informado","Não Informado","Não Informado","Não Informado","Não Informado","Não Informado","Não Informado","Não Informado","Não Informado","06 - Operação Tributável (Alíquota zero)","Não Informado","Não Informado","Não Informado","Não Informado","Não Informado","Não Informado","Não Informado","Não Informado","Não Informado","Não Informado","Não Informado","Não Informado","Não Informado","Não Informado","Não Informado","Não Informado","Não Informado","Não Informado","2 - Não","0,49"
"24","TOMATE DEBORA - O QUILO","0,3400","kg","1,36","Não Informado","288","Não Informado","07020000","Não Informado","5102","3,990","1,36","A","Não Informado","Não Informado","Não Informado","Não Informado","Não Informado","0 - Nacional, exceto as indicadas nos códigos 3, 4, 5 e 8","40 - Valor Isento","Não Informado","Não Informado","Não Informado","06 - Operação Tributável (Alíquota zero)","Não Informado","Não Informado","Não Informado","Não Informado","Não Informado","Não Informado","Não Informado","Não Informado","Não Informado","Não Informado","06 - Operação Tributável (Alíquota zero)","Não Informado","Não Informado","Não Informado","Não Informado","Não Informado","Não Informado","Não Informado","Não Informado","Não Informado","Não Informado","Não Informado","Não Informado","Não Informado","Não Informado","Não Informado","Não Informado","Não Informado","Não Informado","2 - Não","0,29"
"25","PEPINO JAPONES CONSERVA","0,2350","kg","1,17","Não Informado","260","Não Informado","07070000","Não Informado","5102","4,990","1,17","A","Não Informado","Não Informado","Não Informado","Não Informado","Não Informado","0 - Nacional, exceto as indicadas nos códigos 3, 4, 5 e 8","40 - Valor Isento","Não Informado","Não Informado","Não Informado","06 - Operação Tributável (Alíquota zero)","Não Informado","Não Informado","Não Informado","Não Informado","Não Informado","Não Informado","Não Informado","Não Informado","Não Informado","Não Informado","06 - Operação Tributável (Alíquota zero)","Não Informado","Não Informado","Não Informado","Não Informado","Não Informado","Não Informado","Não Informado","Não Informado","Não Informado","Não Informado","Não Informado","Não Informado","Não Informado","Não Informado","Não Informado","Não Informado","Não Informado","Não Informado","2 - Não","0,25"
"26","BANANA PRATA - O QUILO","1,0350","kg","6,20","Não Informado","167","Não Informado","08039000","Não Informado","5102","5,990","6,20","A","Não Informado","Não Informado","Não Informado","Não Informado","Não Informado","0 - Nacional, exceto as indicadas nos códigos 3, 4, 5 e 8","40 - Valor Isento","Não Informado","Não Informado","Não Informado","06 - Operação Tributável (Alíquota zero)","Não Informado","Não Informado","Não Informado","Não Informado","Não Informado","Não Informado","Não Informado","Não Informado","Não Informado","Não Informado","06 - Operação Tributável (Alíquota zero)","Não Informado","Não Informado","Não Informado","Não Informado","Não Informado","Não Informado","Não Informado","Não Informado","Não Informado","Não Informado","Não Informado","Não Informado","Não Informado","Não Informado","Não Informado","Não Informado","Não Informado","Não Informado","2 - Não","1,37"
"27","BATATA - O QUILO","0,7350","kg","2,93","Não Informado","117","Não Informado","07019000","Não Informado","5102","3,990","2,93","A","Não Informado","Não Informado","Não Informado","Não Informado","Não Informado","0 - Nacional, exceto as indicadas nos códigos 3, 4, 5 e 8","40 - Valor Isento","Não Informado","Não Informado","Não Informado","06 - Operação Tributável (Alíquota zero)","Não Informado","Não Informado","Não Informado","Não Informado","Não Informado","Não Informado","Não Informado","Não Informado","Não Informado","Não Informado","06 - Operação Tributável (Alíquota zero)","Não Informado","Não Informado","Não Informado","Não Informado","Não Informado","Não Informado","Não Informado","Não Informado","Não Informado","Não Informado","Não Informado","Não Informado","Não Informado","Não Informado","Não Informado","Não Informado","Não Informado","Não Informado","2 - Não","0,64"
"28","ALHO PORO","1,0000","UN","3,99","Não Informado","11275","Não Informado","07039090","Não Informado","5102","3,990","3,99","A","Não Informado","Não Informado","Não Informado","Não Informado","Não Informado","0 - Nacional, exceto as indicadas nos códigos 3, 4, 5 e 8","00 - Tributada integralmente","Não Informado","18,00","0,72","06 - Operação Tributável (Alíquota zero)","Não Informado","Não Informado","Não Informado","Não Informado","Não Informado","Não Informado","Não Informado","Não Informado","Não Informado","Não Informado","06 - Operação Tributável (Alíquota zero)","Não Informado","Não Informado","Não Informado","Não Informado","Não Informado","Não Informado","Não Informado","Não Informado","Não Informado","Não Informado","Não Informado","Não Informado","Não Informado","Não Informado","Não Informado","Não Informado","Não Informado","Não Informado","2 - Não","0,87"
"29","COENTRO RICELFOLHAS","1,0000","UN","3,99","Não Informado","7898407900091","7898407900091","07099990","Não Informado","5102","3,990","3,99","A","Não Informado","Não Informado","Não Informado","Não Informado","Não Informado","0 - Nacional, exceto as indicadas nos códigos 3, 4, 5 e 8","40 - Valor Isento","Não Informado","Não Informado","Não Informado","06 - Operação Tributável (Alíquota zero)","Não Informado","Não Informado","Não Informado","Não Informado","Não Informado","Não Informado","Não Informado","Não Informado","Não Informado","Não Informado","06 - Operação Tributável (Alíquota zero)","Não Informado","Não Informado","Não Informado","Não Informado","Não Informado","Não Informado","Não Informado","Não Informado","Não Informado","Não Informado","Não Informado","Não Informado","Não Informado","Não Informado","Não Informado","Não Informado","Não Informado","Não Informado","2 - Não","0,87"
"30","CHEIRO VERDE","1,0000","UN","3,49","Não Informado","40232770647","Não Informado","07099990","Não Informado","5102","3,490","3,49","A","Não Informado","Não Informado","Não Informado","Não Informado","Não Informado","0 - Nacional, exceto as indicadas nos códigos 3, 4, 5 e 8","40 - Valor Isento","Não Informado","Não Informado","Não Informado","06 - Operação Tributável (Alíquota zero)","Não Informado","Não Informado","Não Informado","Não Informado","Não Informado","Não Informado","Não Informado","Não Informado","Não Informado","Não Informado","06 - Operação Tributável (Alíquota zero)","Não Informado","Não Informado","Não Informado","Não Informado","Não Informado","Não Informado","Não Informado","Não Informado","Não Informado","Não Informado","Não Informado","Não Informado","Não Informado","Não Informado","Não Informado","Não Informado","Não Informado","Não Informado","2 - Não","0,76"
"31","PIMENTA D MOCA VERMER O","0,0880","kg","2,64","Não Informado","146","Não Informado","07096000","Não Informado","5102","29,990","2,64","A","Não Informado","Não Informado","Não Informado","Não Informado","Não Informado","0 - Nacional, exceto as indicadas nos códigos 3, 4, 5 e 8","40 - Valor Isento","Não Informado","Não Informado","Não Informado","06 - Operação Tributável (Alíquota zero)","Não Informado","Não Informado","Não Informado","Não Informado","Não Informado","Não Informado","Não Informado","Não Informado","Não Informado","Não Informado","06 - Operação Tributável (Alíquota zero)","Não Informado","Não Informado","Não Informado","Não Informado","Não Informado","Não Informado","Não Informado","Não Informado","Não Informado","Não Informado","Não Informado","Não Informado","Não Informado","Não Informado","Não Informado","Não Informado","Não Informado","Não Informado","2 - Não","0,58"
"32","CENOURA - O QUILO","0,6900","kg","2,06","Não Informado","239","Não Informado","07061000","Não Informado","5102","2,990","2,06","A","Não Informado","Não Informado","Não Informado","Não Informado","Não Informado","0 - Nacional, exceto as indicadas nos códigos 3, 4, 5 e 8","40 - Valor Isento","Não Informado","Não Informado","Não Informado","06 - Operação Tributável (Alíquota zero)","Não Informado","Não Informado","Não Informado","Não Informado","Não Informado","Não Informado","Não Informado","Não Informado","Não Informado","Não Informado","06 - Operação Tributável (Alíquota zero)","Não Informado","Não Informado","Não Informado","Não Informado","Não Informado","Não Informado","Não Informado","Não Informado","Não Informado","Não Informado","Não Informado","Não Informado","Não Informado","Não Informado","Não Informado","Não Informado","Não Informado","Não Informado","2 - Não","0,45"
"33","ABACAXI PEROLA DESCASCAD","1,0000","UN","8,99","Não Informado","1000000006643","1000000006643","08043000","Não Informado","5102","8,990","8,99","A","Não Informado","Não Informado","Não Informado","Não Informado","Não Informado","0 - Nacional, exceto as indicadas nos códigos 3, 4, 5 e 8","40 - Valor Isento","Não Informado","Não Informado","Não Informado","06 - Operação Tributável (Alíquota zero)","Não Informado","Não Informado","Não Informado","Não Informado","Não Informado","Não Informado","Não Informado","Não Informado","Não Informado","Não Informado","06 - Operação Tributável (Alíquota zero)","Não Informado","Não Informado","Não Informado","Não Informado","Não Informado","Não Informado","Não Informado","Não Informado","Não Informado","Não Informado","Não Informado","Não Informado","Não Informado","Não Informado","Não Informado","Não Informado","Não Informado","Não Informado","2 - Não","1,98"
"34","ALHO - O QUILO","0,0900","kg","4,04","Não Informado","109","Não Informado","07032090","Não Informado","5102","44,900","4,04","A","Não Informado","Não Informado","Não Informado","Não Informado","Não Informado","0 - Nacional, exceto as indicadas nos códigos 3, 4, 5 e 8","00 - Tributada integralmente","Não Informado","7,00","0,28","06 - Operação Tributável (Alíquota zero)","Não Informado","Não Informado","Não Informado","Não Informado","Não Informado","Não Informado","Não Informado","Não Informado","Não Informado","Não Informado","06 - Operação Tributável (Alíquota zero)","Não Informado","Não Informado","Não Informado","Não Informado","Não Informado","Não Informado","Não Informado","Não Informado","Não Informado","Não Informado","Não Informado","Não Informado","Não Informado","Não Informado","Não Informado","Não Informado","Não Informado","Não Informado","2 - Não","0,44"
"35","LEITE SHEFA 1L GF.INTEGR","1,0000","UN","3,69","Não Informado","7896185312396","7896185312396","04012010","1701601","5405","3,690","3,69","A","Não Informado","Não Informado","Não Informado","Não Informado","Não Informado","0 - Nacional, exceto as indicadas nos códigos 3, 4, 5 e 8","60 - ICMS cobrado anteriormente por substituição tributária (substituído) ou por antecipação","Não Informado","Não Informado","Não Informado","06 - Operação Tributável (Alíquota zero)","Não Informado","Não Informado","Não Informado","Não Informado","Não Informado","Não Informado","Não Informado","Não Informado","Não Informado","Não Informado","06 - Operação Tributável (Alíquota zero)","Não Informado","Não Informado","Não Informado","Não Informado","Não Informado","Não Informado","Não Informado","Não Informado","Não Informado","Não Informado","Não Informado","Não Informado","Não Informado","Não Informado","Não Informado","Não Informado","Não Informado","Não Informado","2 - Não","0,15"
"36","AMAC.DOWNY 1L CONC.BRISA","1,0000","UN","20,49","Não Informado","7506339332643","7506339332643","38099190","1100800","5405","20,490","20,49","A","Não Informado","Não Informado","Não Informado","Não Informado","Não Informado","0 - Nacional, exceto as indicadas nos códigos 3, 4, 5 e 8","60 - ICMS cobrado anteriormente por substituição tributária (substituído) ou por antecipação","Não Informado","Não Informado","Não Informado","01 - Operação Tributável (base de cálculo = valor da operação alíquota normal (cumulativo / não cumulativo))","20,49","0,0165","Não Informado","Não Informado","0,3400","Não Informado","Não Informado","Não Informado","Não Informado","Não Informado","01 - Operação Tributável (base de cálculo = valor da operação alíquota normal (cumulativo / não cumulativo))","20,49","0,0760","1,56","Não Informado","Não Informado","Não Informado","Não Informado","Não Informado","Não Informado","Não Informado","Não Informado","Não Informado","Não Informado","Não Informado","Não Informado","Não Informado","Não Informado","Não Informado","2 - Não","3,31"
"37","PAO PANCO 380g INTEGRAL","1,0000","UN","7,79","Não Informado","7891203067920","7891203067920","19059010","1706000","5405","7,790","7,79","A","Não Informado","Não Informado","Não Informado","Não Informado","Não Informado","0 - Nacional, exceto as indicadas nos códigos 3, 4, 5 e 8","60 - ICMS cobrado anteriormente por substituição tributária (substituído) ou por antecipação","Não Informado","Não Informado","Não Informado","01 - Operação Tributável (base de cálculo = valor da operação alíquota normal (cumulativo / não cumulativo))","7,79","0,0165","Não Informado","Não Informado","0,1300","Não Informado","Não Informado","Não Informado","Não Informado","Não Informado","01 - Operação Tributável (base de cálculo = valor da operação alíquota normal (cumulativo / não cumulativo))","7,79","0,0760","0,59","Não Informado","Não Informado","Não Informado","Não Informado","Não Informado","Não Informado","Não Informado","Não Informado","Não Informado","Não Informado","Não Informado","Não Informado","Não Informado","Não Informado","Não Informado","2 - Não","1,25"
"38","SUCO AURORA 1,5L UVA TTO","1,0000","UN","14,99","Não Informado","7891141019838","7891141019838","20096100","1701000","5405","14,990","14,99","A","Não Informado","Não Informado","Não Informado","Não Informado","Não Informado","0 - Nacional, exceto as indicadas nos códigos 3, 4, 5 e 8","60 - ICMS cobrado anteriormente por substituição tributária (substituído) ou por antecipação","Não Informado","Não Informado","Não Informado","01 - Operação Tributável (base de cálculo = valor da operação alíquota normal (cumulativo / não cumulativo))","14,99","0,0165","Não Informado","Não Informado","0,2500","Não Informado","Não Informado","Não Informado","Não Informado","Não Informado","01 - Operação Tributável (base de cálculo = valor da operação alíquota normal (cumulativo / não cumulativo))","14,99","0,0760","1,14","Não Informado","Não Informado","Não Informado","Não Informado","Não Informado","Não Informado","Não Informado","Não Informado","Não Informado","Não Informado","Não Informado","Não Informado","Não Informado","Não Informado","Não Informado","2 - Não","3,31"
"39","CABIDE SANREMO LV6 PG5 P","1,0000","UN","15,89","Não Informado","7896359033881","7896359033881","39249000","Não Informado","5102","15,890","15,89","A","Não Informado","Não Informado","Não Informado","Não Informado","Não Informado","0 - Nacional, exceto as indicadas nos códigos 3, 4, 5 e 8","00 - Tributada integralmente","Não Informado","18,00","2,86","01 - Operação Tributável (base de cálculo = valor da operação alíquota normal (cumulativo / não cumulativo))","15,89","0,0165","Não Informado","Não Informado","0,2600","Não Informado","Não Informado","Não Informado","Não Informado","Não Informado","01 - Operação Tributável (base de cálculo = valor da operação alíquota normal (cumulativo / não cumulativo))","15,89","0,0760","1,21","Não Informado","Não Informado","Não Informado","Não Informado","Não Informado","Não Informado","Não Informado","Não Informado","Não Informado","Não Informado","Não Informado","Não Informado","Não Informado","Não Informado","Não Informado","2 - Não","4,97"
"40","FEIJ.COZ.FUGINI 250g CAR","1,0000","UN","2,39","Não Informado","7897517209223","7897517209223","20055900","1709201","5405","2,390","2,39","A","Não Informado","Não Informado","Não Informado","Não Informado","Não Informado","0 - Nacional, exceto as indicadas nos códigos 3, 4, 5 e 8","60 - ICMS cobrado anteriormente por substituição tributária (substituído) ou por antecipação","Não Informado","Não Informado","Não Informado","01 - Operação Tributável (base de cálculo = valor da operação alíquota normal (cumulativo / não cumulativo))","2,39","0,0165","Não Informado","Não Informado","0,0400","Não Informado","Não Informado","Não Informado","Não Informado","Não Informado","01 - Operação Tributável (base de cálculo = valor da operação alíquota normal (cumulativo / não cumulativo))","2,39","0,0760","0,18","Não Informado","Não Informado","Não Informado","Não Informado","Não Informado","Não Informado","Não Informado","Não Informado","Não Informado","Não Informado","Não Informado","Não Informado","Não Informado","Não Informado","Não Informado","2 - Não","0,26"
"41","FEIJ.COZ.FUGINI 250g CAR","1,0000","UN","2,39","Não Informado","7897517209223","7897517209223","20055900","1709201","5405","2,390","2,39","A","Não Informado","Não Informado","Não Informado","Não Informado","Não Informado","0 - Nacional, exceto as indicadas nos códigos 3, 4, 5 e 8","60 - ICMS cobrado anteriormente por substituição tributária (substituído) ou por antecipação","Não Informado","Não Informado","Não Informado","01 - Operação Tributável (base de cálculo = valor da operação alíquota normal (cumulativo / não cumulativo))","2,39","0,0165","Não Informado","Não Informado","0,0400","Não Informado","Não Informado","Não Informado","Não Informado","Não Informado","01 - Operação Tributável (base de cálculo = valor da operação alíquota normal (cumulativo / não cumulativo))","2,39","0,0760","0,18","Não Informado","Não Informado","Não Informado","Não Informado","Não Informado","Não Informado","Não Informado","Não Informado","Não Informado","Não Informado","Não Informado","Não Informado","Não Informado","Não Informado","Não Informado","2 - Não","0,26"
"42","GUARD.MASCOT 50UN F.DUPL","1,0000","UN","3,25","Não Informado","7896075300984","7896075300984","48183000","2004600","5405","3,250","3,25","A","Não Informado","Não Informado","Não Informado","Não Informado","Não Informado","0 - Nacional, exceto as indicadas nos códigos 3, 4, 5 e 8","60 - ICMS cobrado anteriormente por substituição tributária (substituído) ou por antecipação","Não Informado","Não Informado","Não Informado","01 - Operação Tributável (base de cálculo = valor da operação alíquota normal (cumulativo / não cumulativo))","3,25","0,0165","Não Informado","Não Informado","0,0500","Não Informado","Não Informado","Não Informado","Não Informado","Não Informado","01 - Operação Tributável (base de cálculo = valor da operação alíquota normal (cumulativo / não cumulativo))","3,25","0,0760","0,25","Não Informado","Não Informado","Não Informado","Não Informado","Não Informado","Não Informado","Não Informado","Não Informado","Não Informado","Não Informado","Não Informado","Não Informado","Não Informado","Não Informado","Não Informado","2 - Não","0,84"
"43","GEL ADES.PATO 38g 6 DISC","1,0000","UN","13,39","Não Informado","7894650013083","7894650013083","34022000","1100100","5405","13,390","13,39","A","Não Informado","Não Informado","Não Informado","Não Informado","Não Informado","0 - Nacional, exceto as indicadas nos códigos 3, 4, 5 e 8","60 - ICMS cobrado anteriormente por substituição tributária (substituído) ou por antecipação","Não Informado","Não Informado","Não Informado","01 - Operação Tributável (base de cálculo = valor da operação alíquota normal (cumulativo / não cumulativo))","13,39","0,0165","Não Informado","Não Informado","0,2200","Não Informado","Não Informado","Não Informado","Não Informado","Não Informado","01 - Operação Tributável (base de cálculo = valor da operação alíquota normal (cumulativo / não cumulativo))","13,39","0,0760","1,02","Não Informado","Não Informado","Não Informado","Não Informado","Não Informado","Não Informado","Não Informado","Não Informado","Não Informado","Não Informado","Não Informado","Não Informado","Não Informado","Não Informado","Não Informado","2 - Não","3,25"
"44","MEL BALDONI 300g SILVEST","1,0000","UN","21,98","Não Informado","7898258950542","7898258950542","04090000","Não Informado","5102","21,980","21,98","A","Não Informado","Não Informado","Não Informado","Não Informado","Não Informado","0 - Nacional, exceto as indicadas nos códigos 3, 4, 5 e 8","00 - Tributada integralmente","Não Informado","18,00","3,96","01 - Operação Tributável (base de cálculo = valor da operação alíquota normal (cumulativo / não cumulativo))","21,98","0,0165","Não Informado","Não Informado","0,3600","Não Informado","Não Informado","Não Informado","Não Informado","Não Informado","01 - Operação Tributável (base de cálculo = valor da operação alíquota normal (cumulativo / não cumulativo))","21,98","0,0760","1,67","Não Informado","Não Informado","Não Informado","Não Informado","Não Informado","Não Informado","Não Informado","Não Informado","Não Informado","Não Informado","Não Informado","Não Informado","Não Informado","Não Informado","Não Informado","2 - Não","2,45"
"45","TOMATE PELADO CANPEZ 400","1,0000","UN","5,99","Não Informado","751320536914","751320536914","20021000","1704000","5405","5,990","5,99","A","Não Informado","Não Informado","Não Informado","Não Informado","Não Informado","0 - Nacional, exceto as indicadas nos códigos 3, 4, 5 e 8","60 - ICMS cobrado anteriormente por substituição tributária (substituído) ou por antecipação","Não Informado","Não Informado","Não Informado","01 - Operação Tributável (base de cálculo = valor da operação alíquota normal (cumulativo / não cumulativo))","5,99","0,0165","Não Informado","Não Informado","0,1000","Não Informado","Não Informado","Não Informado","Não Informado","Não Informado","01 - Operação Tributável (base de cálculo = valor da operação alíquota normal (cumulativo / não cumulativo))","5,99","0,0760","0,46","Não Informado","Não Informado","Não Informado","Não Informado","Não Informado","Não Informado","Não Informado","Não Informado","Não Informado","Não Informado","Não Informado","Não Informado","Não Informado","Não Informado","Não Informado","2 - Não","1,32"
"46","TOMATE PELADO CANPEZ 400","1,0000","UN","5,99","Não Informado","751320536914","751320536914","20021000","1704000","5405","5,990","5,99","A","Não Informado","Não Informado","Não Informado","Não Informado","Não Informado","0 - Nacional, exceto as indicadas nos códigos 3, 4, 5 e 8","60 - ICMS cobrado anteriormente por substituição tributária (substituído) ou por antecipação","Não Informado","Não Informado","Não Informado","01 - Operação Tributável (base de cálculo = valor da operação alíquota normal (cumulativo / não cumulativo))","5,99","0,0165","Não Informado","Não Informado","0,1000","Não Informado","Não Informado","Não Informado","Não Informado","Não Informado","01 - Operação Tributável (base de cálculo = valor da operação alíquota normal (cumulativo / não cumulativo))","5,99","0,0760","0,46","Não Informado","Não Informado","Não Informado","Não Informado","Não Informado","Não Informado","Não Informado","Não Informado","Não Informado","Não Informado","Não Informado","Não Informado","Não Informado","Não Informado","Não Informado","2 - Não","1,32"
"47","CHOC.HERSHEYS 85g SPECIA","1,0000","UN","5,99","Não Informado","7899970400902","7899970400902","18063220","1700300","5405","5,990","5,99","A","Não Informado","Não Informado","Não Informado","Não Informado","Não Informado","0 - Nacional, exceto as indicadas nos códigos 3, 4, 5 e 8","60 - ICMS cobrado anteriormente por substituição tributária (substituído) ou por antecipação","Não Informado","Não Informado","Não Informado","01 - Operação Tributável (base de cálculo = valor da operação alíquota normal (cumulativo / não cumulativo))","5,99","0,0165","Não Informado","Não Informado","0,1000","Não Informado","Não Informado","Não Informado","Não Informado","Não Informado","01 - Operação Tributável (base de cálculo = valor da operação alíquota normal (cumulativo / não cumulativo))","5,99","0,0760","0,46","Não Informado","Não Informado","Não Informado","Não Informado","Não Informado","Não Informado","Não Informado","Não Informado","Não Informado","Não Informado","Não Informado","Não Informado","Não Informado","Não Informado","Não Informado","2 - Não","1,60"
"48","PULVERIZADOR SANREMO 580","1,0000","UN","12,69","Não Informado","7896359004478","7896359004478","39249000","Não Informado","5102","12,690","12,69","A","Não Informado","Não Informado","Não Informado","Não Informado","Não Informado","0 - Nacional, exceto as indicadas nos códigos 3, 4, 5 e 8","00 - Tributada integralmente","Não Informado","18,00","2,28","01 - Operação Tributável (base de cálculo = valor da operação alíquota normal (cumulativo / não cumulativo))","12,69","0,0165","Não Informado","Não Informado","0,2100","Não Informado","Não Informado","Não Informado","Não Informado","Não Informado","01 - Operação Tributável (base de cálculo = valor da operação alíquota normal (cumulativo / não cumulativo))","12,69","0,0760","0,96","Não Informado","Não Informado","Não Informado","Não Informado","Não Informado","Não Informado","Não Informado","Não Informado","Não Informado","Não Informado","Não Informado","Não Informado","Não Informado","Não Informado","Não Informado","2 - Não","3,96"
"49","SAB.LIQ.FIORUCCI 440ML R","1,0000","UN","8,65","Não Informado","7891177981017","7891177981017","34012010","2003700","5405","8,650","8,65","A","Não Informado","Não Informado","Não Informado","Não Informado","Não Informado","0 - Nacional, exceto as indicadas nos códigos 3, 4, 5 e 8","60 - ICMS cobrado anteriormente por substituição tributária (substituído) ou por antecipação","Não Informado","Não Informado","Não Informado","01 - Operação Tributável (base de cálculo = valor da operação alíquota normal (cumulativo / não cumulativo))","8,65","0,0165","Não Informado","Não Informado","0,1400","Não Informado","Não Informado","Não Informado","Não Informado","Não Informado","01 - Operação Tributável (base de cálculo = valor da operação alíquota normal (cumulativo / não cumulativo))","8,65","0,0760","0,66","Não Informado","Não Informado","Não Informado","Não Informado","Não Informado","Não Informado","Não Informado","Não Informado","Não Informado","Não Informado","Não Informado","Não Informado","Não Informado","Não Informado","Não Informado","2 - Não","3,12"
"50","DESOD.REXONA 150ML g 2U","1,0000","UN","17,98","Não Informado","7891150048553","7891150048553","33072010","2002800","5405","17,980","17,98","A","Não Informado","Não Informado","Não Informado","Não Informado","Não Informado","0 - Nacional, exceto as indicadas nos códigos 3, 4, 5 e 8","60 - ICMS cobrado anteriormente por substituição tributária (substituído) ou por antecipação","Não Informado","Não Informado","Não Informado","04 - Operação Tributável (operação monofásica (alíquota zero))","Não Informado","Não Informado","Não Informado","Não Informado","Não Informado","Não Informado","Não Informado","Não Informado","Não Informado","Não Informado","04 - Operação Tributável (tributação monofásica (alíquota zero))","Não Informado","Não Informado","Não Informado","Não Informado","Não Informado","Não Informado","Não Informado","Não Informado","Não Informado","Não Informado","Não Informado","Não Informado","Não Informado","Não Informado","Não Informado","Não Informado","Não Informado","Não Informado","2 - Não","8,08"
"51","CREME LEITE ITAMBE 300g","1,0000","UN","5,79","Não Informado","7896051114086","7896051114086","04015029","1701902","5405","5,790","5,79","A","Não Informado","Não Informado","Não Informado","Não Informado","Não Informado","0 - Nacional, exceto as indicadas nos códigos 3, 4, 5 e 8","60 - ICMS cobrado anteriormente por substituição tributária (substituído) ou por antecipação","Não Informado","Não Informado","Não Informado","01 - Operação Tributável (base de cálculo = valor da operação alíquota normal (cumulativo / não cumulativo))","5,79","0,0165","Não Informado","Não Informado","0,1000","Não Informado","Não Informado","Não Informado","Não Informado","Não Informado","01 - Operação Tributável (base de cálculo = valor da operação alíquota normal (cumulativo / não cumulativo))","5,79","0,0760","0,44","Não Informado","Não Informado","Não Informado","Não Informado","Não Informado","Não Informado","Não Informado","Não Informado","Não Informado","Não Informado","Não Informado","Não Informado","Não Informado","Não Informado","Não Informado","2 - Não","0,64"
"52","M.PIMEN.CEPERA 60ML CHIP","1,0000","UN","6,75","Não Informado","7896025803251","7896025803251","21039091","1703500","5405","6,750","6,75","A","Não Informado","Não Informado","Não Informado","Não Informado","Não Informado","0 - Nacional, exceto as indicadas nos códigos 3, 4, 5 e 8","60 - ICMS cobrado anteriormente por substituição tributária (substituído) ou por antecipação","Não Informado","Não Informado","Não Informado","01 - Operação Tributável (base de cálculo = valor da operação alíquota normal (cumulativo / não cumulativo))","6,75","0,0165","Não Informado","Não Informado","0,1100","Não Informado","Não Informado","Não Informado","Não Informado","Não Informado","01 - Operação Tributável (base de cálculo = valor da operação alíquota normal (cumulativo / não cumulativo))","6,75","0,0760","0,51","Não Informado","Não Informado","Não Informado","Não Informado","Não Informado","Não Informado","Não Informado","Não Informado","Não Informado","Não Informado","Não Informado","Não Informado","Não Informado","Não Informado","Não Informado","2 - Não","0,75"
"53","LIMPADOR CONC.AJAX 500ML","1,0000","UN","6,55","Não Informado","7891024120804","7891024120804","34022000","1100600","5405","6,550","6,55","A","Não Informado","Não Informado","Não Informado","Não Informado","Não Informado","0 - Nacional, exceto as indicadas nos códigos 3, 4, 5 e 8","60 - ICMS cobrado anteriormente por substituição tributária (substituído) ou por antecipação","Não Informado","Não Informado","Não Informado","01 - Operação Tributável (base de cálculo = valor da operação alíquota normal (cumulativo / não cumulativo))","6,55","0,0165","Não Informado","Não Informado","0,1100","Não Informado","Não Informado","Não Informado","Não Informado","Não Informado","01 - Operação Tributável (base de cálculo = valor da operação alíquota normal (cumulativo / não cumulativo))","6,55","0,0760","0,50","Não Informado","Não Informado","Não Informado","Não Informado","Não Informado","Não Informado","Não Informado","Não Informado","Não Informado","Não Informado","Não Informado","Não Informado","Não Informado","Não Informado","Não Informado","2 - Não","1,58"
"54","DESOD.NIVEA AERO 2UN LV+","1,0000","UN","20,98","Não Informado","4005900662040","4005900662040","33072010","2002700","5405","20,980","20,98","A","Não Informado","Não Informado","Não Informado","Não Informado","Não Informado","0 - Nacional, exceto as indicadas nos códigos 3, 4, 5 e 8","60 - ICMS cobrado anteriormente por substituição tributária (substituído) ou por antecipação","Não Informado","Não Informado","Não Informado","04 - Operação Tributável (operação monofásica (alíquota zero))","Não Informado","Não Informado","Não Informado","Não Informado","Não Informado","Não Informado","Não Informado","Não Informado","Não Informado","Não Informado","04 - Operação Tributável (tributação monofásica (alíquota zero))","Não Informado","Não Informado","Não Informado","Não Informado","Não Informado","Não Informado","Não Informado","Não Informado","Não Informado","Não Informado","Não Informado","Não Informado","Não Informado","Não Informado","Não Informado","Não Informado","Não Informado","Não Informado","2 - Não","9,43"
"55","ELASTICO PCABELO M.BONI","1,0000","UN","3,79","Não Informado","7896025522411","7896025522411","96159000","2803200","5405","3,790","3,79","A","Não Informado","Não Informado","Não Informado","Não Informado","Não Informado","0 - Nacional, exceto as indicadas nos códigos 3, 4, 5 e 8","60 - ICMS cobrado anteriormente por substituição tributária (substituído) ou por antecipação","Não Informado","Não Informado","Não Informado","01 - Operação Tributável (base de cálculo = valor da operação alíquota normal (cumulativo / não cumulativo))","3,79","0,0165","Não Informado","Não Informado","0,0600","Não Informado","Não Informado","Não Informado","Não Informado","Não Informado","01 - Operação Tributável (base de cálculo = valor da operação alíquota normal (cumulativo / não cumulativo))","3,79","0,0760","0,29","Não Informado","Não Informado","Não Informado","Não Informado","Não Informado","Não Informado","Não Informado","Não Informado","Não Informado","Não Informado","Não Informado","Não Informado","Não Informado","Não Informado","Não Informado","2 - Não","1,33"